source_id	subject_id	session_id	bold_num	t1w_num	t2w_num	bold_size	t1w_size	bold_duration_total	bold_duration_mean	bold_voxels_total	bold_voxels_mean	datatypes
ds005256	sub-0001	ses-01	4	1	0	2337604371	14042188	n/a	n/a	n/a	n/a	anat,dwi,fmap,func
ds005256	sub-0001	ses-02	11	0	0	5958374230	0	n/a	n/a	n/a	n/a	fmap,func
ds005256	sub-0001	ses-03	4	0	0	2553688322	0	n/a	n/a	n/a	n/a	fmap,func
ds005256	sub-0001	ses-04	4	0	0	2427120679	0	n/a	n/a	n/a	n/a	fmap,func
ds005256	sub-0002	ses-01	10	1	0	4936343253	13982161	n/a	n/a	n/a	n/a	anat,dwi,fmap,func
ds005256	sub-0002	ses-02	11	0	0	5722511755	0	n/a	n/a	n/a	n/a	fmap,func
ds005256	sub-0002	ses-03	9	0	0	4644551413	0	n/a	n/a	n/a	n/a	fmap,func
ds005256	sub-0002	ses-04	10	0	0	4823823159	0	n/a	n/a	n/a	n/a	fmap,func
ds005256	sub-0003	ses-01	10	1	0	5076339502	15094947	n/a	n/a	n/a	n/a	anat,dwi,fmap,func
ds005256	sub-0003	ses-02	11	0	0	6027977451	0	n/a	n/a	n/a	n/a	fmap,func
ds005256	sub-0003	ses-03	4	0	0	2648387151	0	n/a	n/a	n/a	n/a	fmap,func
ds005256	sub-0003	ses-04	4	0	0	2394519959	0	n/a	n/a	n/a	n/a	fmap,func
ds005256	sub-0004	ses-01	10	1	0	5112161331	15676978	n/a	n/a	n/a	n/a	anat,dwi,fmap,func
ds005256	sub-0004	ses-02	11	0	0	6110479651	0	n/a	n/a	n/a	n/a	fmap,func
ds005256	sub-0004	ses-03	4	0	0	2575836513	0	n/a	n/a	n/a	n/a	fmap,func
ds005256	sub-0004	ses-04	4	0	0	2440381550	0	n/a	n/a	n/a	n/a	fmap,func
ds005256	sub-0005	ses-01	10	1	0	5118317054	16199936	n/a	n/a	n/a	n/a	anat,dwi,fmap,func
ds005256	sub-0005	ses-02	11	0	0	6182556498	0	n/a	n/a	n/a	n/a	fmap,func
ds005256	sub-0005	ses-03	10	0	0	5348930348	0	n/a	n/a	n/a	n/a	fmap,func
ds005256	sub-0005	ses-04	10	0	0	5178817885	0	n/a	n/a	n/a	n/a	fmap,func
ds005256	sub-0006	ses-01	10	1	0	5151805079	15934759	n/a	n/a	n/a	n/a	anat,dwi,fmap,func
ds005256	sub-0006	ses-02	11	0	0	6121429079	0	n/a	n/a	n/a	n/a	fmap,func
ds005256	sub-0006	ses-03	10	0	0	5449852228	0	n/a	n/a	n/a	n/a	fmap,func
ds005256	sub-0006	ses-04	10	0	0	3816483436	0	n/a	n/a	n/a	n/a	fmap,func
ds005256	sub-0007	ses-01	10	1	0	4940454660	14426195	n/a	n/a	n/a	n/a	anat,dwi,fmap,func
ds005256	sub-0007	ses-02	11	0	0	5930624669	0	n/a	n/a	n/a	n/a	fmap,func
ds005256	sub-0007	ses-03	9	0	0	4775554288	0	n/a	n/a	n/a	n/a	fmap,func
ds005256	sub-0007	ses-04	0	0	0	0	0	n/a	n/a	n/a	n/a	func
ds005256	sub-0008	ses-01	10	1	0	4945132734	14726902	n/a	n/a	n/a	n/a	anat,dwi,fmap,func
ds005256	sub-0008	ses-02	11	0	0	6001669710	0	n/a	n/a	n/a	n/a	fmap,func
ds005256	sub-0008	ses-03	10	0	0	5184013714	0	n/a	n/a	n/a	n/a	fmap,func
ds005256	sub-0008	ses-04	10	0	0	4890235484	0	n/a	n/a	n/a	n/a	fmap,func
ds005256	sub-0009	ses-01	9	1	0	4403953345	15337574	n/a	n/a	n/a	n/a	anat,dwi,fmap,func
ds005256	sub-0009	ses-02	11	0	0	6137892545	0	n/a	n/a	n/a	n/a	fmap,func
ds005256	sub-0009	ses-03	10	0	0	5223850523	0	n/a	n/a	n/a	n/a	fmap,func
ds005256	sub-0009	ses-04	10	0	0	5075740143	0	n/a	n/a	n/a	n/a	fmap,func
ds005256	sub-0010	ses-01	10	1	0	5002251269	12426196	n/a	n/a	n/a	n/a	anat,dwi,fmap,func
ds005256	sub-0010	ses-02	11	0	0	6146618518	0	n/a	n/a	n/a	n/a	fmap,func
ds005256	sub-0010	ses-03	10	0	0	5227623625	0	n/a	n/a	n/a	n/a	fmap,func
ds005256	sub-0010	ses-04	10	0	0	5031284032	0	n/a	n/a	n/a	n/a	fmap,func
ds005256	sub-0011	ses-01	10	1	0	4809498974	13547997	n/a	n/a	n/a	n/a	anat,dwi,fmap,func
ds005256	sub-0011	ses-02	11	0	0	5798211201	0	n/a	n/a	n/a	n/a	fmap,func
ds005256	sub-0011	ses-03	9	0	0	4459248294	0	n/a	n/a	n/a	n/a	fmap,func
ds005256	sub-0011	ses-04	10	0	0	4901441365	0	n/a	n/a	n/a	n/a	fmap,func
ds005256	sub-0013	ses-01	10	1	0	4924252123	14648769	n/a	n/a	n/a	n/a	anat,dwi,fmap,func
ds005256	sub-0013	ses-02	11	0	0	6076074371	0	n/a	n/a	n/a	n/a	fmap,func
ds005256	sub-0013	ses-03	10	0	0	5247463783	0	n/a	n/a	n/a	n/a	fmap,func
ds005256	sub-0013	ses-04	10	0	0	5042839307	0	n/a	n/a	n/a	n/a	fmap,func
ds005256	sub-0014	ses-01	8	1	0	4236570366	15600613	n/a	n/a	n/a	n/a	anat,dwi,fmap,func
ds005256	sub-0014	ses-02	10	0	0	5768046668	0	n/a	n/a	n/a	n/a	fmap,func
ds005256	sub-0014	ses-03	10	0	0	5427154473	0	n/a	n/a	n/a	n/a	fmap,func
ds005256	sub-0014	ses-04	10	0	0	5290319640	0	n/a	n/a	n/a	n/a	fmap,func
ds005256	sub-0015	ses-01	10	1	0	4279428439	13280825	n/a	n/a	n/a	n/a	anat,dwi,fmap,func
ds005256	sub-0016	ses-01	10	1	0	5009091933	14973794	n/a	n/a	n/a	n/a	anat,dwi,fmap,func
ds005256	sub-0016	ses-02	11	0	0	5890981608	0	n/a	n/a	n/a	n/a	fmap,func
ds005256	sub-0016	ses-03	10	0	0	5096076780	0	n/a	n/a	n/a	n/a	fmap,func
ds005256	sub-0016	ses-04	10	0	0	4766196402	0	n/a	n/a	n/a	n/a	fmap,func
ds005256	sub-0017	ses-01	8	1	0	4128414901	15477432	n/a	n/a	n/a	n/a	anat,dwi,fmap,func
ds005256	sub-0017	ses-02	10	0	0	5712454506	0	n/a	n/a	n/a	n/a	fmap,func
ds005256	sub-0017	ses-03	10	0	0	5438340813	0	n/a	n/a	n/a	n/a	fmap,func
ds005256	sub-0017	ses-04	10	0	0	5004694544	0	n/a	n/a	n/a	n/a	fmap,func
ds005256	sub-0018	ses-01	10	1	0	2751341660	14723155	n/a	n/a	n/a	n/a	anat,dwi,fmap,func
ds005256	sub-0018	ses-02	11	0	0	6056615264	0	n/a	n/a	n/a	n/a	fmap,func
ds005256	sub-0018	ses-03	10	0	0	5133964859	0	n/a	n/a	n/a	n/a	fmap,func
ds005256	sub-0018	ses-04	10	0	0	5060993958	0	n/a	n/a	n/a	n/a	fmap,func
ds005256	sub-0019	ses-01	10	1	0	2702411623	14268263	n/a	n/a	n/a	n/a	anat,dwi,fmap,func
ds005256	sub-0019	ses-02	11	0	0	5990214810	0	n/a	n/a	n/a	n/a	fmap,func
ds005256	sub-0019	ses-03	10	0	0	5097855036	0	n/a	n/a	n/a	n/a	fmap,func
ds005256	sub-0019	ses-04	10	0	0	5051259006	0	n/a	n/a	n/a	n/a	fmap,func
ds005256	sub-0020	ses-01	10	1	0	4049278964	16359021	n/a	n/a	n/a	n/a	anat,dwi,fmap,func
ds005256	sub-0020	ses-02	11	0	0	6258266407	0	n/a	n/a	n/a	n/a	fmap,func
ds005256	sub-0020	ses-03	10	0	0	5353158302	0	n/a	n/a	n/a	n/a	fmap,func
ds005256	sub-0020	ses-04	10	0	0	5301371204	0	n/a	n/a	n/a	n/a	fmap,func
ds005256	sub-0021	ses-01	9	1	0	2761251411	16154875	n/a	n/a	n/a	n/a	anat,dwi,fmap,func
ds005256	sub-0021	ses-02	11	0	0	6438988232	0	n/a	n/a	n/a	n/a	fmap,func
ds005256	sub-0021	ses-03	10	0	0	5576526192	0	n/a	n/a	n/a	n/a	fmap,func
ds005256	sub-0021	ses-04	10	0	0	5374487477	0	n/a	n/a	n/a	n/a	fmap,func
ds005256	sub-0023	ses-01	10	1	0	2984192816	17040748	n/a	n/a	n/a	n/a	anat,dwi,fmap,func
ds005256	sub-0023	ses-02	11	0	0	6279277198	0	n/a	n/a	n/a	n/a	fmap,func
ds005256	sub-0023	ses-04	10	0	0	5159997961	0	n/a	n/a	n/a	n/a	fmap,func
ds005256	sub-0024	ses-01	8	1	0	2179610495	15381856	n/a	n/a	n/a	n/a	anat,dwi,fmap,func
ds005256	sub-0024	ses-02	11	0	0	6158974122	0	n/a	n/a	n/a	n/a	fmap,func
ds005256	sub-0024	ses-03	9	0	0	4837699630	0	n/a	n/a	n/a	n/a	fmap,func
ds005256	sub-0024	ses-04	8	0	0	4229158630	0	n/a	n/a	n/a	n/a	fmap,func
ds005256	sub-0025	ses-01	8	1	0	4325262108	16790693	n/a	n/a	n/a	n/a	anat,dwi,fmap,func
ds005256	sub-0025	ses-02	11	0	0	6283877626	0	n/a	n/a	n/a	n/a	fmap,func
ds005256	sub-0025	ses-03	10	0	0	5481406989	0	n/a	n/a	n/a	n/a	fmap,func
ds005256	sub-0025	ses-04	10	0	0	5302504337	0	n/a	n/a	n/a	n/a	fmap,func
ds005256	sub-0026	ses-01	9	1	0	4659396904	16037145	n/a	n/a	n/a	n/a	anat,dwi,fmap,func
ds005256	sub-0026	ses-02	11	0	0	6332041413	0	n/a	n/a	n/a	n/a	fmap,func
ds005256	sub-0026	ses-03	10	0	0	5455978074	0	n/a	n/a	n/a	n/a	fmap,func
ds005256	sub-0026	ses-04	10	0	0	5288785807	0	n/a	n/a	n/a	n/a	fmap,func
ds005256	sub-0028	ses-01	7	1	0	3114965271	13899102	n/a	n/a	n/a	n/a	anat,dwi,fmap,func
ds005256	sub-0029	ses-01	10	1	0	4933178672	14748302	n/a	n/a	n/a	n/a	anat,dwi,fmap,func
ds005256	sub-0029	ses-02	10	0	0	5601870448	0	n/a	n/a	n/a	n/a	fmap,func
ds005256	sub-0029	ses-03	10	0	0	5205361138	0	n/a	n/a	n/a	n/a	fmap,func
ds005256	sub-0029	ses-04	10	0	0	4962295927	0	n/a	n/a	n/a	n/a	fmap,func
ds005256	sub-0030	ses-01	10	1	0	5131328449	14928372	n/a	n/a	n/a	n/a	anat,dwi,fmap,func
ds005256	sub-0031	ses-01	10	1	0	5193088032	16538067	n/a	n/a	n/a	n/a	anat,dwi,fmap,func
ds005256	sub-0031	ses-02	11	0	0	6516716094	0	n/a	n/a	n/a	n/a	fmap,func
ds005256	sub-0031	ses-03	10	0	0	5600059696	0	n/a	n/a	n/a	n/a	fmap,func
ds005256	sub-0031	ses-04	10	0	0	5416130595	0	n/a	n/a	n/a	n/a	fmap,func
ds005256	sub-0032	ses-01	10	1	0	5073653631	15155134	n/a	n/a	n/a	n/a	anat,dwi,fmap,func
ds005256	sub-0032	ses-02	11	0	0	6085041817	0	n/a	n/a	n/a	n/a	fmap,func
ds005256	sub-0032	ses-03	10	0	0	5389499802	0	n/a	n/a	n/a	n/a	fmap,func
ds005256	sub-0032	ses-04	10	0	0	5251638389	0	n/a	n/a	n/a	n/a	fmap,func
ds005256	sub-0033	ses-01	10	1	0	5328191521	17282422	n/a	n/a	n/a	n/a	anat,dwi,fmap,func
ds005256	sub-0033	ses-02	11	0	0	6377373125	0	n/a	n/a	n/a	n/a	fmap,func
ds005256	sub-0033	ses-03	10	0	0	5599906773	0	n/a	n/a	n/a	n/a	fmap,func
ds005256	sub-0033	ses-04	10	0	0	5307424670	0	n/a	n/a	n/a	n/a	fmap,func
ds005256	sub-0034	ses-01	10	1	0	5025521033	15673909	n/a	n/a	n/a	n/a	anat,dwi,fmap,func
ds005256	sub-0034	ses-02	11	0	0	5874892199	0	n/a	n/a	n/a	n/a	fmap,func
ds005256	sub-0034	ses-03	10	0	0	5264782895	0	n/a	n/a	n/a	n/a	fmap,func
ds005256	sub-0034	ses-04	10	0	0	5047105461	0	n/a	n/a	n/a	n/a	fmap,func
ds005256	sub-0035	ses-01	10	1	0	4769291974	16544824	n/a	n/a	n/a	n/a	anat,dwi,fmap,func
ds005256	sub-0035	ses-02	11	0	0	6304804915	0	n/a	n/a	n/a	n/a	fmap,func
ds005256	sub-0035	ses-03	8	0	0	4451851734	0	n/a	n/a	n/a	n/a	fmap,func
ds005256	sub-0035	ses-04	10	0	0	5325335686	0	n/a	n/a	n/a	n/a	fmap,func
ds005256	sub-0036	ses-01	10	1	0	5458113832	17235513	n/a	n/a	n/a	n/a	anat,dwi,fmap,func
ds005256	sub-0036	ses-02	11	0	0	6416145119	0	n/a	n/a	n/a	n/a	fmap,func
ds005256	sub-0036	ses-03	10	0	0	5567627031	0	n/a	n/a	n/a	n/a	fmap,func
ds005256	sub-0036	ses-04	10	0	0	5457585137	0	n/a	n/a	n/a	n/a	fmap,func
ds005256	sub-0037	ses-01	10	1	0	5097075099	15473251	n/a	n/a	n/a	n/a	anat,dwi,fmap,func
ds005256	sub-0037	ses-02	11	0	0	6168228303	0	n/a	n/a	n/a	n/a	fmap,func
ds005256	sub-0037	ses-03	10	0	0	5459920673	0	n/a	n/a	n/a	n/a	fmap,func
ds005256	sub-0037	ses-04	10	0	0	5189114264	0	n/a	n/a	n/a	n/a	fmap,func
ds005256	sub-0038	ses-01	10	1	0	4842575434	14084867	n/a	n/a	n/a	n/a	anat,dwi,fmap,func
ds005256	sub-0038	ses-02	11	0	0	5795328935	0	n/a	n/a	n/a	n/a	fmap,func
ds005256	sub-0038	ses-03	10	0	0	5063645624	0	n/a	n/a	n/a	n/a	fmap,func
ds005256	sub-0038	ses-04	10	0	0	4922754225	0	n/a	n/a	n/a	n/a	fmap,func
ds005256	sub-0039	ses-01	8	1	0	3818397302	15015526	n/a	n/a	n/a	n/a	anat,dwi,fmap,func
ds005256	sub-0039	ses-02	11	0	0	5968950962	0	n/a	n/a	n/a	n/a	fmap,func
ds005256	sub-0039	ses-04	10	0	0	4967063655	0	n/a	n/a	n/a	n/a	fmap,func
ds005256	sub-0040	ses-01	10	1	0	4879469961	15391554	n/a	n/a	n/a	n/a	anat,dwi,fmap,func
ds005256	sub-0040	ses-02	11	0	0	6138044164	0	n/a	n/a	n/a	n/a	fmap,func
ds005256	sub-0040	ses-03	8	0	0	4362796096	0	n/a	n/a	n/a	n/a	fmap,func
ds005256	sub-0040	ses-04	10	0	0	5012573273	0	n/a	n/a	n/a	n/a	fmap,func
ds005256	sub-0041	ses-01	9	1	0	4429005527	15317404	n/a	n/a	n/a	n/a	anat,dwi,fmap,func
ds005256	sub-0041	ses-02	11	0	0	6205727350	0	n/a	n/a	n/a	n/a	fmap,func
ds005256	sub-0041	ses-03	8	0	0	4426020875	0	n/a	n/a	n/a	n/a	fmap,func
ds005256	sub-0041	ses-04	10	0	0	5095548164	0	n/a	n/a	n/a	n/a	fmap,func
ds005256	sub-0043	ses-01	10	1	0	5094336352	20670295	n/a	n/a	n/a	n/a	anat,dwi,fmap,func
ds005256	sub-0043	ses-02	11	0	0	6196049718	0	n/a	n/a	n/a	n/a	fmap,func
ds005256	sub-0043	ses-03	10	0	0	5393957485	0	n/a	n/a	n/a	n/a	fmap,func
ds005256	sub-0043	ses-04	10	0	0	5166562401	0	n/a	n/a	n/a	n/a	fmap,func
ds005256	sub-0044	ses-01	10	1	0	5193492444	15948889	n/a	n/a	n/a	n/a	anat,dwi,fmap,func
ds005256	sub-0044	ses-02	11	0	0	6154032004	0	n/a	n/a	n/a	n/a	fmap,func
ds005256	sub-0044	ses-03	10	0	0	5367019360	0	n/a	n/a	n/a	n/a	fmap,func
ds005256	sub-0044	ses-04	10	0	0	5227758467	0	n/a	n/a	n/a	n/a	fmap,func
ds005256	sub-0046	ses-01	4	1	0	2530403512	16745092	n/a	n/a	n/a	n/a	anat,fmap,func
ds005256	sub-0046	ses-02	10	0	0	5968912283	0	n/a	n/a	n/a	n/a	fmap,func
ds005256	sub-0046	ses-03	10	0	0	5695307075	0	n/a	n/a	n/a	n/a	fmap,func
ds005256	sub-0046	ses-04	10	0	0	5473709084	0	n/a	n/a	n/a	n/a	fmap,func
ds005256	sub-0047	ses-01	10	1	0	5052152736	14937373	n/a	n/a	n/a	n/a	anat,dwi,fmap,func
ds005256	sub-0050	ses-01	10	1	0	5156144427	15897126	n/a	n/a	n/a	n/a	anat,dwi,fmap,func
ds005256	sub-0050	ses-02	11	0	0	6169092540	0	n/a	n/a	n/a	n/a	fmap,func
ds005256	sub-0050	ses-03	10	0	0	5349992883	0	n/a	n/a	n/a	n/a	fmap,func
ds005256	sub-0050	ses-04	10	0	0	5316941869	0	n/a	n/a	n/a	n/a	fmap,func
ds005256	sub-0051	ses-01	10	1	0	5255721626	16263151	n/a	n/a	n/a	n/a	anat,dwi,fmap,func
ds005256	sub-0051	ses-02	11	0	0	6319731502	0	n/a	n/a	n/a	n/a	fmap,func
ds005256	sub-0051	ses-03	10	0	0	5629025899	0	n/a	n/a	n/a	n/a	fmap,func
ds005256	sub-0051	ses-04	10	0	0	5313428755	0	n/a	n/a	n/a	n/a	fmap,func
ds005256	sub-0052	ses-01	10	1	0	4661975073	15390166	n/a	n/a	n/a	n/a	anat,dwi,fmap,func
ds005256	sub-0052	ses-02	11	0	0	6010654558	0	n/a	n/a	n/a	n/a	fmap,func
ds005256	sub-0052	ses-03	10	0	0	5144797461	0	n/a	n/a	n/a	n/a	fmap,func
ds005256	sub-0052	ses-04	10	0	0	4982778805	0	n/a	n/a	n/a	n/a	fmap,func
ds005256	sub-0053	ses-01	10	1	0	5046768974	14714839	n/a	n/a	n/a	n/a	anat,dwi,fmap,func
ds005256	sub-0053	ses-02	11	0	0	6024344650	0	n/a	n/a	n/a	n/a	fmap,func
ds005256	sub-0053	ses-03	10	0	0	5260823179	0	n/a	n/a	n/a	n/a	fmap,func
ds005256	sub-0053	ses-04	10	0	0	5152019730	0	n/a	n/a	n/a	n/a	fmap,func
ds005256	sub-0055	ses-01	10	1	0	5205742633	16884710	n/a	n/a	n/a	n/a	anat,dwi,fmap,func
ds005256	sub-0055	ses-02	11	0	0	6205106709	0	n/a	n/a	n/a	n/a	fmap,func
ds005256	sub-0055	ses-03	10	0	0	5418835017	0	n/a	n/a	n/a	n/a	fmap,func
ds005256	sub-0055	ses-04	10	0	0	5371759253	0	n/a	n/a	n/a	n/a	fmap,func
ds005256	sub-0056	ses-01	10	1	0	4820762331	13804311	n/a	n/a	n/a	n/a	anat,dwi,fmap,func
ds005256	sub-0056	ses-02	7	0	0	3556348049	0	n/a	n/a	n/a	n/a	fmap,func
ds005256	sub-0056	ses-03	10	0	0	4985569087	0	n/a	n/a	n/a	n/a	fmap,func
ds005256	sub-0056	ses-04	10	0	0	4881581141	0	n/a	n/a	n/a	n/a	fmap,func
ds005256	sub-0057	ses-01	10	1	0	5020968035	15167421	n/a	n/a	n/a	n/a	anat,dwi,fmap,func
ds005256	sub-0057	ses-02	11	0	0	5980971567	0	n/a	n/a	n/a	n/a	fmap,func
ds005256	sub-0057	ses-03	10	0	0	5308921263	0	n/a	n/a	n/a	n/a	fmap,func
ds005256	sub-0057	ses-04	8	0	0	3971835007	0	n/a	n/a	n/a	n/a	fmap,func
ds005256	sub-0058	ses-01	10	1	0	5016621026	15168166	n/a	n/a	n/a	n/a	anat,dwi,fmap,func
ds005256	sub-0058	ses-02	11	0	0	6056790783	0	n/a	n/a	n/a	n/a	fmap,func
ds005256	sub-0058	ses-03	10	0	0	5217485243	0	n/a	n/a	n/a	n/a	fmap,func
ds005256	sub-0058	ses-04	10	0	0	5009576878	0	n/a	n/a	n/a	n/a	fmap,func
ds005256	sub-0059	ses-01	10	1	0	5096684294	16284612	n/a	n/a	n/a	n/a	anat,dwi,fmap,func
ds005256	sub-0059	ses-02	11	0	0	6177344190	0	n/a	n/a	n/a	n/a	fmap,func
ds005256	sub-0059	ses-03	10	0	0	5314901525	0	n/a	n/a	n/a	n/a	fmap,func
ds005256	sub-0059	ses-04	8	0	0	4240028866	0	n/a	n/a	n/a	n/a	fmap,func
ds005256	sub-0060	ses-01	10	1	0	4742057390	13326575	n/a	n/a	n/a	n/a	anat,dwi,fmap,func
ds005256	sub-0060	ses-02	11	0	0	5825304768	0	n/a	n/a	n/a	n/a	fmap,func
ds005256	sub-0060	ses-03	10	0	0	5019928021	0	n/a	n/a	n/a	n/a	fmap,func
ds005256	sub-0060	ses-04	10	0	0	4906685108	0	n/a	n/a	n/a	n/a	fmap,func
ds005256	sub-0061	ses-01	10	1	0	4744017552	14555477	n/a	n/a	n/a	n/a	anat,dwi,fmap,func
ds005256	sub-0061	ses-02	11	0	0	6003799560	0	n/a	n/a	n/a	n/a	fmap,func
ds005256	sub-0061	ses-03	10	0	0	5173499439	0	n/a	n/a	n/a	n/a	fmap,func
ds005256	sub-0061	ses-04	10	0	0	4988554514	0	n/a	n/a	n/a	n/a	fmap,func
ds005256	sub-0062	ses-01	10	1	0	5284575108	16721631	n/a	n/a	n/a	n/a	anat,dwi,fmap,func
ds005256	sub-0062	ses-02	11	0	0	6303265883	0	n/a	n/a	n/a	n/a	fmap,func
ds005256	sub-0062	ses-03	10	0	0	5448099041	0	n/a	n/a	n/a	n/a	fmap,func
ds005256	sub-0062	ses-04	10	0	0	5334813703	0	n/a	n/a	n/a	n/a	fmap,func
ds005256	sub-0063	ses-01	1	1	0	437656977	16531564	n/a	n/a	n/a	n/a	anat,dwi,fmap,func
ds005256	sub-0064	ses-01	10	1	0	4819618097	14063236	n/a	n/a	n/a	n/a	anat,dwi,fmap,func
ds005256	sub-0064	ses-02	11	0	0	5791233840	0	n/a	n/a	n/a	n/a	fmap,func
ds005256	sub-0064	ses-03	8	0	0	4172626216	0	n/a	n/a	n/a	n/a	fmap,func
ds005256	sub-0064	ses-04	8	0	0	4033275044	0	n/a	n/a	n/a	n/a	fmap,func
ds005256	sub-0065	ses-01	10	1	0	4827514327	14496140	n/a	n/a	n/a	n/a	anat,dwi,fmap,func
ds005256	sub-0065	ses-02	11	0	0	5815194387	0	n/a	n/a	n/a	n/a	fmap,func
ds005256	sub-0065	ses-03	10	0	0	5126734945	0	n/a	n/a	n/a	n/a	fmap,func
ds005256	sub-0065	ses-04	10	0	0	4907745484	0	n/a	n/a	n/a	n/a	fmap,func
ds005256	sub-0066	ses-01	8	1	0	4345171484	16563705	n/a	n/a	n/a	n/a	anat,dwi,fmap,func
ds005256	sub-0066	ses-02	11	0	0	6438826114	0	n/a	n/a	n/a	n/a	fmap,func
ds005256	sub-0066	ses-03	8	0	0	4667209378	0	n/a	n/a	n/a	n/a	fmap,func
ds005256	sub-0066	ses-04	10	0	0	5399561835	0	n/a	n/a	n/a	n/a	fmap,func
ds005256	sub-0068	ses-01	9	1	0	4493897726	15595476	n/a	n/a	n/a	n/a	anat,dwi,fmap,func
ds005256	sub-0069	ses-01	10	1	0	5063104853	16183046	n/a	n/a	n/a	n/a	anat,dwi,fmap,func
ds005256	sub-0069	ses-02	11	0	0	5678373215	0	n/a	n/a	n/a	n/a	fmap,func
ds005256	sub-0069	ses-03	8	0	0	4333086373	0	n/a	n/a	n/a	n/a	fmap,func
ds005256	sub-0069	ses-04	8	0	0	4137550630	0	n/a	n/a	n/a	n/a	fmap,func
ds005256	sub-0070	ses-01	8	1	0	4201431464	16306783	n/a	n/a	n/a	n/a	anat,dwi,fmap,func
ds005256	sub-0070	ses-02	11	0	0	6078705732	0	n/a	n/a	n/a	n/a	fmap,func
ds005256	sub-0070	ses-03	8	0	0	4379421704	0	n/a	n/a	n/a	n/a	fmap,func
ds005256	sub-0070	ses-04	10	0	0	5109035502	0	n/a	n/a	n/a	n/a	fmap,func
ds005256	sub-0071	ses-01	8	1	0	4214873916	15952065	n/a	n/a	n/a	n/a	anat,dwi,fmap,func
ds005256	sub-0073	ses-01	10	1	0	4952167345	14506877	n/a	n/a	n/a	n/a	anat,dwi,fmap,func
ds005256	sub-0073	ses-02	11	0	0	5973852862	0	n/a	n/a	n/a	n/a	fmap,func
ds005256	sub-0073	ses-03	10	0	0	5249351996	0	n/a	n/a	n/a	n/a	fmap,func
ds005256	sub-0073	ses-04	10	0	0	4998139368	0	n/a	n/a	n/a	n/a	fmap,func
ds005256	sub-0074	ses-01	10	1	0	4838256942	14412406	n/a	n/a	n/a	n/a	anat,dwi,fmap,func
ds005256	sub-0074	ses-02	11	0	0	5955779028	0	n/a	n/a	n/a	n/a	fmap,func
ds005256	sub-0074	ses-03	10	0	0	5127331627	0	n/a	n/a	n/a	n/a	fmap,func
ds005256	sub-0074	ses-04	6	0	0	3067831677	0	n/a	n/a	n/a	n/a	fmap,func
ds005256	sub-0075	ses-01	8	1	0	3843367787	12011294	n/a	n/a	n/a	n/a	anat,dwi,fmap,func
ds005256	sub-0075	ses-02	11	0	0	5852464033	0	n/a	n/a	n/a	n/a	fmap,func
ds005256	sub-0075	ses-03	8	0	0	4202957893	0	n/a	n/a	n/a	n/a	fmap,func
ds005256	sub-0075	ses-04	10	0	0	4828471380	0	n/a	n/a	n/a	n/a	fmap,func
ds005256	sub-0076	ses-01	8	1	0	4285975487	16129559	n/a	n/a	n/a	n/a	anat,dwi,fmap,func
ds005256	sub-0076	ses-02	11	0	0	6355966987	0	n/a	n/a	n/a	n/a	fmap,func
ds005256	sub-0076	ses-03	8	0	0	4580194523	0	n/a	n/a	n/a	n/a	fmap,func
ds005256	sub-0076	ses-04	10	0	0	5342499560	0	n/a	n/a	n/a	n/a	fmap,func
ds005256	sub-0077	ses-01	8	1	0	3908038286	13988237	n/a	n/a	n/a	n/a	anat,dwi,fmap,func
ds005256	sub-0077	ses-02	11	0	0	5629787197	0	n/a	n/a	n/a	n/a	fmap,func
ds005256	sub-0077	ses-03	10	0	0	5016343932	0	n/a	n/a	n/a	n/a	fmap,func
ds005256	sub-0077	ses-04	10	0	0	4779010741	0	n/a	n/a	n/a	n/a	fmap,func
ds005256	sub-0078	ses-01	10	1	0	4941199487	14323030	n/a	n/a	n/a	n/a	anat,dwi,fmap,func
ds005256	sub-0078	ses-02	11	0	0	5932300236	0	n/a	n/a	n/a	n/a	fmap,func
ds005256	sub-0078	ses-03	10	0	0	5260582642	0	n/a	n/a	n/a	n/a	fmap,func
ds005256	sub-0078	ses-04	10	0	0	4905026819	0	n/a	n/a	n/a	n/a	fmap,func
ds005256	sub-0079	ses-01	8	1	0	4392169122	16624094	n/a	n/a	n/a	n/a	anat,dwi,fmap,func
ds005256	sub-0079	ses-02	11	0	0	6295005667	0	n/a	n/a	n/a	n/a	fmap,func
ds005256	sub-0079	ses-03	10	0	0	5512604720	0	n/a	n/a	n/a	n/a	fmap,func
ds005256	sub-0079	ses-04	10	0	0	5360399808	0	n/a	n/a	n/a	n/a	fmap,func
ds005256	sub-0080	ses-01	10	1	0	5112898001	16125817	n/a	n/a	n/a	n/a	anat,dwi,fmap,func
ds005256	sub-0080	ses-02	11	0	0	6183809805	0	n/a	n/a	n/a	n/a	fmap,func
ds005256	sub-0080	ses-03	10	0	0	5237167339	0	n/a	n/a	n/a	n/a	fmap,func
ds005256	sub-0080	ses-04	10	0	0	5160530217	0	n/a	n/a	n/a	n/a	fmap,func
ds005256	sub-0081	ses-01	10	1	0	5024616416	15508817	n/a	n/a	n/a	n/a	anat,dwi,fmap,func
ds005256	sub-0081	ses-02	11	0	0	6075737640	0	n/a	n/a	n/a	n/a	fmap,func
ds005256	sub-0081	ses-03	9	0	0	4385568087	0	n/a	n/a	n/a	n/a	fmap,func
ds005256	sub-0081	ses-04	10	0	0	5113534977	0	n/a	n/a	n/a	n/a	fmap,func
ds005256	sub-0082	ses-01	4	1	0	2363735548	13939895	n/a	n/a	n/a	n/a	anat,dwi,fmap,func
ds005256	sub-0082	ses-02	11	0	0	6056702238	0	n/a	n/a	n/a	n/a	fmap,func
ds005256	sub-0082	ses-03	10	0	0	5220071289	0	n/a	n/a	n/a	n/a	fmap,func
ds005256	sub-0083	ses-01	10	1	0	5044869923	14087627	n/a	n/a	n/a	n/a	anat,dwi,fmap,func
ds005256	sub-0083	ses-02	11	0	0	5951034554	0	n/a	n/a	n/a	n/a	fmap,func
ds005256	sub-0083	ses-03	10	0	0	4991931044	0	n/a	n/a	n/a	n/a	fmap,func
ds005256	sub-0083	ses-04	10	0	0	4834112432	0	n/a	n/a	n/a	n/a	fmap,func
ds005256	sub-0084	ses-01	10	1	0	4882659677	15397913	n/a	n/a	n/a	n/a	anat,dwi,fmap,func
ds005256	sub-0084	ses-02	11	0	0	5984081992	0	n/a	n/a	n/a	n/a	fmap,func
ds005256	sub-0084	ses-03	8	0	0	4057108257	0	n/a	n/a	n/a	n/a	fmap,func
ds005256	sub-0084	ses-04	10	0	0	4933338459	0	n/a	n/a	n/a	n/a	fmap,func
ds005256	sub-0085	ses-01	9	1	0	4356581988	15094880	n/a	n/a	n/a	n/a	anat,dwi,fmap,func
ds005256	sub-0085	ses-02	11	0	0	6095641347	0	n/a	n/a	n/a	n/a	fmap,func
ds005256	sub-0086	ses-01	10	1	0	5116724700	15980689	n/a	n/a	n/a	n/a	anat,dwi,fmap,func
ds005256	sub-0086	ses-02	11	0	0	6270940423	0	n/a	n/a	n/a	n/a	fmap,func
ds005256	sub-0086	ses-03	10	0	0	5453549812	0	n/a	n/a	n/a	n/a	fmap,func
ds005256	sub-0086	ses-04	10	0	0	5117725472	0	n/a	n/a	n/a	n/a	fmap,func
ds005256	sub-0087	ses-01	10	1	0	5001589739	15801273	n/a	n/a	n/a	n/a	anat,dwi,fmap,func
ds005256	sub-0087	ses-02	11	0	0	6238506885	0	n/a	n/a	n/a	n/a	fmap,func
ds005256	sub-0087	ses-03	10	0	0	5339650401	0	n/a	n/a	n/a	n/a	fmap,func
ds005256	sub-0087	ses-04	10	0	0	5249197738	0	n/a	n/a	n/a	n/a	fmap,func
ds005256	sub-0088	ses-01	10	1	0	4981741995	15314679	n/a	n/a	n/a	n/a	anat,dwi,fmap,func
ds005256	sub-0088	ses-02	11	0	0	6100045710	0	n/a	n/a	n/a	n/a	fmap,func
ds005256	sub-0088	ses-03	10	0	0	5219094005	0	n/a	n/a	n/a	n/a	fmap,func
ds005256	sub-0088	ses-04	10	0	0	5042797074	0	n/a	n/a	n/a	n/a	fmap,func
ds005256	sub-0089	ses-01	10	1	0	4848702562	13136077	n/a	n/a	n/a	n/a	anat,dwi,fmap,func
ds005256	sub-0089	ses-02	11	0	0	5916108840	0	n/a	n/a	n/a	n/a	fmap,func
ds005256	sub-0089	ses-03	10	0	0	5141996304	0	n/a	n/a	n/a	n/a	fmap,func
ds005256	sub-0089	ses-04	10	0	0	4995314440	0	n/a	n/a	n/a	n/a	fmap,func
ds005256	sub-0090	ses-01	10	1	0	5271802622	17440851	n/a	n/a	n/a	n/a	anat,dwi,fmap,func
ds005256	sub-0090	ses-02	11	0	0	6369607051	0	n/a	n/a	n/a	n/a	fmap,func
ds005256	sub-0090	ses-03	10	0	0	5461782031	0	n/a	n/a	n/a	n/a	fmap,func
ds005256	sub-0090	ses-04	10	0	0	5320402433	0	n/a	n/a	n/a	n/a	fmap,func
ds005256	sub-0091	ses-01	10	1	0	5327153299	18063220	n/a	n/a	n/a	n/a	anat,dwi,fmap,func
ds005256	sub-0091	ses-02	11	0	0	6585270334	0	n/a	n/a	n/a	n/a	fmap,func
ds005256	sub-0091	ses-03	10	0	0	5676136777	0	n/a	n/a	n/a	n/a	fmap,func
ds005256	sub-0091	ses-04	8	0	0	4314105688	0	n/a	n/a	n/a	n/a	fmap,func
ds005256	sub-0092	ses-01	10	1	0	5010427740	15311477	n/a	n/a	n/a	n/a	anat,dwi,fmap,func
ds005256	sub-0092	ses-02	11	0	0	6000387292	0	n/a	n/a	n/a	n/a	fmap,func
ds005256	sub-0092	ses-03	10	0	0	5151775124	0	n/a	n/a	n/a	n/a	fmap,func
ds005256	sub-0092	ses-04	10	0	0	5058147026	0	n/a	n/a	n/a	n/a	fmap,func
ds005256	sub-0093	ses-01	10	1	0	4885227845	14200509	n/a	n/a	n/a	n/a	anat,dwi,fmap,func
ds005256	sub-0093	ses-02	11	0	0	5999738920	0	n/a	n/a	n/a	n/a	fmap,func
ds005256	sub-0093	ses-03	10	0	0	5126148444	0	n/a	n/a	n/a	n/a	fmap,func
ds005256	sub-0093	ses-04	10	0	0	4990930705	0	n/a	n/a	n/a	n/a	fmap,func
ds005256	sub-0094	ses-01	10	1	0	4864055442	14088459	n/a	n/a	n/a	n/a	anat,dwi,fmap,func
ds005256	sub-0094	ses-02	11	0	0	5886457171	0	n/a	n/a	n/a	n/a	fmap,func
ds005256	sub-0094	ses-03	10	0	0	5182269265	0	n/a	n/a	n/a	n/a	fmap,func
ds005256	sub-0094	ses-04	10	0	0	4778240428	0	n/a	n/a	n/a	n/a	fmap,func
ds005256	sub-0095	ses-01	10	1	0	4806722978	14734610	n/a	n/a	n/a	n/a	anat,dwi,fmap,func
ds005256	sub-0095	ses-02	11	0	0	5879487027	0	n/a	n/a	n/a	n/a	fmap,func
ds005256	sub-0095	ses-03	10	0	0	5026950673	0	n/a	n/a	n/a	n/a	fmap,func
ds005256	sub-0095	ses-04	10	0	0	4882547765	0	n/a	n/a	n/a	n/a	fmap,func
ds005256	sub-0097	ses-01	10	1	0	5109227130	14073833	n/a	n/a	n/a	n/a	anat,dwi,fmap,func
ds005256	sub-0098	ses-01	10	1	0	5291914195	18899617	n/a	n/a	n/a	n/a	anat,dwi,fmap,func
ds005256	sub-0098	ses-02	11	0	0	6276327056	0	n/a	n/a	n/a	n/a	fmap,func
ds005256	sub-0098	ses-03	10	0	0	5596979010	0	n/a	n/a	n/a	n/a	fmap,func
ds005256	sub-0098	ses-04	10	0	0	5381207528	0	n/a	n/a	n/a	n/a	fmap,func
ds005256	sub-0099	ses-01	10	1	0	4721068439	13110912	n/a	n/a	n/a	n/a	anat,dwi,fmap,func
ds005256	sub-0099	ses-02	11	0	0	5663495100	0	n/a	n/a	n/a	n/a	fmap,func
ds005256	sub-0099	ses-03	10	0	0	5070234099	0	n/a	n/a	n/a	n/a	fmap,func
ds005256	sub-0099	ses-04	10	0	0	4748171726	0	n/a	n/a	n/a	n/a	fmap,func
ds005256	sub-0100	ses-01	10	1	0	5422676315	22996796	n/a	n/a	n/a	n/a	anat,dwi,fmap,func
ds005256	sub-0100	ses-02	11	0	0	6713114069	0	n/a	n/a	n/a	n/a	fmap,func
ds005256	sub-0100	ses-03	10	0	0	5664104563	0	n/a	n/a	n/a	n/a	fmap,func
ds005256	sub-0100	ses-04	10	0	0	5519759291	0	n/a	n/a	n/a	n/a	fmap,func
ds005256	sub-0101	ses-01	10	1	0	5511902744	21321168	n/a	n/a	n/a	n/a	anat,dwi,fmap,func
ds005256	sub-0101	ses-02	11	0	0	6443519868	0	n/a	n/a	n/a	n/a	fmap,func
ds005256	sub-0101	ses-03	10	0	0	5837078743	0	n/a	n/a	n/a	n/a	fmap,func
ds005256	sub-0101	ses-04	10	0	0	5560631904	0	n/a	n/a	n/a	n/a	fmap,func
ds005256	sub-0102	ses-01	10	1	0	5258859230	19478860	n/a	n/a	n/a	n/a	anat,dwi,fmap,func
ds005256	sub-0102	ses-02	11	0	0	6310577205	0	n/a	n/a	n/a	n/a	fmap,func
ds005256	sub-0102	ses-03	10	0	0	5606382942	0	n/a	n/a	n/a	n/a	fmap,func
ds005256	sub-0102	ses-04	10	0	0	5219430399	0	n/a	n/a	n/a	n/a	fmap,func
ds005256	sub-0103	ses-01	6	1	0	3056510757	14195111	n/a	n/a	n/a	n/a	anat,dwi,fmap,func
ds005256	sub-0103	ses-02	11	0	0	5966123016	0	n/a	n/a	n/a	n/a	fmap,func
ds005256	sub-0103	ses-03	10	0	0	5155150088	0	n/a	n/a	n/a	n/a	fmap,func
ds005256	sub-0103	ses-04	10	0	0	4975415068	0	n/a	n/a	n/a	n/a	fmap,func
ds005256	sub-0104	ses-01	10	1	0	5068185623	15383135	n/a	n/a	n/a	n/a	anat,dwi,fmap,func
ds005256	sub-0104	ses-02	11	0	0	6196042497	0	n/a	n/a	n/a	n/a	fmap,func
ds005256	sub-0104	ses-03	10	0	0	5262960708	0	n/a	n/a	n/a	n/a	fmap,func
ds005256	sub-0104	ses-04	10	0	0	5188521199	0	n/a	n/a	n/a	n/a	fmap,func
ds005256	sub-0105	ses-01	10	1	0	5192040722	17038162	n/a	n/a	n/a	n/a	anat,dwi,fmap,func
ds005256	sub-0105	ses-02	11	0	0	5933925821	0	n/a	n/a	n/a	n/a	fmap,func
ds005256	sub-0105	ses-03	10	0	0	5337541306	0	n/a	n/a	n/a	n/a	fmap,func
ds005256	sub-0105	ses-04	10	0	0	5196358255	0	n/a	n/a	n/a	n/a	fmap,func
ds005256	sub-0106	ses-01	10	1	0	4955221173	14882778	n/a	n/a	n/a	n/a	anat,dwi,fmap,func
ds005256	sub-0106	ses-02	11	0	0	6082457579	0	n/a	n/a	n/a	n/a	fmap,func
ds005256	sub-0106	ses-03	10	0	0	5202647019	0	n/a	n/a	n/a	n/a	fmap,func
ds005256	sub-0106	ses-04	10	0	0	4986985956	0	n/a	n/a	n/a	n/a	fmap,func
ds005256	sub-0107	ses-01	10	1	0	5048261437	15301535	n/a	n/a	n/a	n/a	anat,dwi,fmap,func
ds005256	sub-0107	ses-02	11	0	0	6202659294	0	n/a	n/a	n/a	n/a	fmap,func
ds005256	sub-0107	ses-03	10	0	0	5354319776	0	n/a	n/a	n/a	n/a	fmap,func
ds005256	sub-0107	ses-04	10	0	0	5247060953	0	n/a	n/a	n/a	n/a	fmap,func
ds005256	sub-0109	ses-01	10	1	0	5000472309	14884534	n/a	n/a	n/a	n/a	anat,dwi,fmap,func
ds005256	sub-0109	ses-02	11	0	0	6142497959	0	n/a	n/a	n/a	n/a	fmap,func
ds005256	sub-0109	ses-03	10	0	0	5274784209	0	n/a	n/a	n/a	n/a	fmap,func
ds005256	sub-0109	ses-04	10	0	0	5151687980	0	n/a	n/a	n/a	n/a	fmap,func
ds005256	sub-0111	ses-01	10	1	0	5133149141	15986708	n/a	n/a	n/a	n/a	anat,dwi,fmap,func
ds005256	sub-0111	ses-02	11	0	0	6304501811	0	n/a	n/a	n/a	n/a	fmap,func
ds005256	sub-0111	ses-03	10	0	0	5411195291	0	n/a	n/a	n/a	n/a	fmap,func
ds005256	sub-0111	ses-04	9	0	0	4739542784	0	n/a	n/a	n/a	n/a	fmap,func
ds005256	sub-0112	ses-01	10	1	0	4922817306	14097776	n/a	n/a	n/a	n/a	anat,dwi,fmap,func
ds005256	sub-0112	ses-02	11	0	0	6163084957	0	n/a	n/a	n/a	n/a	fmap,func
ds005256	sub-0112	ses-03	10	0	0	5287184197	0	n/a	n/a	n/a	n/a	fmap,func
ds005256	sub-0112	ses-04	10	0	0	5121454141	0	n/a	n/a	n/a	n/a	fmap,func
ds005256	sub-0114	ses-01	10	1	0	5078164783	15998124	n/a	n/a	n/a	n/a	anat,dwi,fmap,func
ds005256	sub-0114	ses-02	11	0	0	6185684566	0	n/a	n/a	n/a	n/a	fmap,func
ds005256	sub-0115	ses-01	10	1	0	5049729539	15315919	n/a	n/a	n/a	n/a	anat,dwi,fmap,func
ds005256	sub-0115	ses-02	11	0	0	6261240973	0	n/a	n/a	n/a	n/a	fmap,func
ds005256	sub-0115	ses-03	10	0	0	5415132612	0	n/a	n/a	n/a	n/a	fmap,func
ds005256	sub-0115	ses-04	10	0	0	5258936656	0	n/a	n/a	n/a	n/a	fmap,func
ds005256	sub-0116	ses-01	10	1	0	4964407321	15311170	n/a	n/a	n/a	n/a	anat,dwi,fmap,func
ds005256	sub-0116	ses-02	10	0	0	5591112835	0	n/a	n/a	n/a	n/a	fmap,func
ds005256	sub-0116	ses-03	10	0	0	5331054258	0	n/a	n/a	n/a	n/a	fmap,func
ds005256	sub-0116	ses-04	10	0	0	5119204212	0	n/a	n/a	n/a	n/a	fmap,func
ds005256	sub-0117	ses-01	10	1	0	5509068046	18303538	n/a	n/a	n/a	n/a	anat,dwi,fmap,func
ds005256	sub-0118	ses-01	10	1	0	5014997951	14531250	n/a	n/a	n/a	n/a	anat,dwi,fmap,func
ds005256	sub-0118	ses-02	9	0	0	5010882792	0	n/a	n/a	n/a	n/a	fmap,func
ds005256	sub-0119	ses-01	10	1	0	4983516110	15359788	n/a	n/a	n/a	n/a	anat,dwi,fmap,func
ds005256	sub-0120	ses-01	10	1	0	5125972434	15788527	n/a	n/a	n/a	n/a	anat,dwi,fmap,func
ds005256	sub-0122	ses-01	10	1	0	5059953068	15544887	n/a	n/a	n/a	n/a	anat,dwi,fmap,func
ds005256	sub-0122	ses-02	11	0	0	6155087849	0	n/a	n/a	n/a	n/a	fmap,func
ds005256	sub-0122	ses-03	10	0	0	5386455735	0	n/a	n/a	n/a	n/a	fmap,func
ds005256	sub-0122	ses-04	10	0	0	5138399249	0	n/a	n/a	n/a	n/a	fmap,func
ds005256	sub-0123	ses-01	10	1	0	4846638029	13664713	n/a	n/a	n/a	n/a	anat,dwi,fmap,func
ds005256	sub-0123	ses-02	11	0	0	5934304123	0	n/a	n/a	n/a	n/a	fmap,func
ds005256	sub-0124	ses-01	10	1	0	4896233844	14497048	n/a	n/a	n/a	n/a	anat,dwi,fmap,func
ds005256	sub-0124	ses-02	11	0	0	6072191496	0	n/a	n/a	n/a	n/a	fmap,func
ds005256	sub-0124	ses-03	10	0	0	5248923046	0	n/a	n/a	n/a	n/a	fmap,func
ds005256	sub-0124	ses-04	10	0	0	5054050115	0	n/a	n/a	n/a	n/a	fmap,func
ds005256	sub-0126	ses-01	10	1	0	5083256914	16117397	n/a	n/a	n/a	n/a	anat,dwi,fmap,func
ds005256	sub-0126	ses-02	11	0	0	6142208981	0	n/a	n/a	n/a	n/a	fmap,func
ds005256	sub-0126	ses-03	10	0	0	5399270184	0	n/a	n/a	n/a	n/a	fmap,func
ds005256	sub-0126	ses-04	10	0	0	5213606656	0	n/a	n/a	n/a	n/a	fmap,func
ds005256	sub-0127	ses-01	10	1	0	5084067957	16351730	n/a	n/a	n/a	n/a	anat,dwi,fmap,func
ds005256	sub-0127	ses-02	11	0	0	6337232465	0	n/a	n/a	n/a	n/a	fmap,func
ds005256	sub-0127	ses-03	10	0	0	5410689011	0	n/a	n/a	n/a	n/a	fmap,func
ds005256	sub-0127	ses-04	10	0	0	5196849733	0	n/a	n/a	n/a	n/a	fmap,func
ds005256	sub-0128	ses-01	8	1	0	3740589898	13374464	n/a	n/a	n/a	n/a	anat,dwi,fmap,func
ds005256	sub-0128	ses-02	11	0	0	5915088425	0	n/a	n/a	n/a	n/a	fmap,func
ds005256	sub-0128	ses-03	10	0	0	5063395213	0	n/a	n/a	n/a	n/a	fmap,func
ds005256	sub-0128	ses-04	9	0	0	4458939913	0	n/a	n/a	n/a	n/a	fmap,func
ds005256	sub-0129	ses-01	10	1	0	5135756524	15961179	n/a	n/a	n/a	n/a	anat,dwi,fmap,func
ds005256	sub-0129	ses-02	11	0	0	6213123250	0	n/a	n/a	n/a	n/a	fmap,func
ds005256	sub-0129	ses-03	10	0	0	5456591805	0	n/a	n/a	n/a	n/a	fmap,func
ds005256	sub-0129	ses-04	10	0	0	5190332680	0	n/a	n/a	n/a	n/a	fmap,func
ds005256	sub-0130	ses-01	10	1	0	4820277976	13713585	n/a	n/a	n/a	n/a	anat,dwi,fmap,func
ds005256	sub-0130	ses-02	11	0	0	5964420418	0	n/a	n/a	n/a	n/a	fmap,func
ds005256	sub-0130	ses-03	10	0	0	5059104471	0	n/a	n/a	n/a	n/a	fmap,func
ds005256	sub-0130	ses-04	10	0	0	4908459276	0	n/a	n/a	n/a	n/a	fmap,func
ds005256	sub-0131	ses-01	9	1	0	4646513887	15424356	n/a	n/a	n/a	n/a	anat,dwi,fmap,func
ds005256	sub-0131	ses-02	11	0	0	6076989095	0	n/a	n/a	n/a	n/a	fmap,func
ds005256	sub-0131	ses-03	10	0	0	5471342871	0	n/a	n/a	n/a	n/a	fmap,func
ds005256	sub-0131	ses-04	9	0	0	4784310779	0	n/a	n/a	n/a	n/a	fmap,func
ds005256	sub-0132	ses-01	10	1	0	4781107208	13516038	n/a	n/a	n/a	n/a	anat,dwi,fmap,func
ds005256	sub-0132	ses-02	11	0	0	5801778760	0	n/a	n/a	n/a	n/a	fmap,func
ds005256	sub-0132	ses-03	10	0	0	5081919191	0	n/a	n/a	n/a	n/a	fmap,func
ds005256	sub-0132	ses-04	10	0	0	4935759814	0	n/a	n/a	n/a	n/a	fmap,func
ds005256	sub-0133	ses-01	10	1	0	5240996281	16975827	n/a	n/a	n/a	n/a	anat,dwi,fmap,func
ds005256	sub-0133	ses-02	11	0	0	6219797877	0	n/a	n/a	n/a	n/a	fmap,func
ds005256	sub-0133	ses-03	10	0	0	5446905601	0	n/a	n/a	n/a	n/a	fmap,func
ds005256	sub-0133	ses-04	10	0	0	5191118345	0	n/a	n/a	n/a	n/a	fmap,func
